{
  "overall": {
    "auroc": 0.9683746490999791,
    "accuracy": 0.9059326563335115,
    "precision": 0.9042043640234168,
    "recall": 0.9080705505077499,
    "f1": 0.9061333333333333,
    "threshold": 0.5,
    "confusion_matrix": [
      [
        1691,
        180
      ],
      [
        172,
        1699
      ]
    ]
  },
  "method": "ensemble",
  "n_samples": 3742,
  "n_ai": 1871,
  "n_human": 1871
}