{
  "version": "1.0.0",
  "classifier": "xgboost",
  "trained_at": "2026-04-30T17:03:03.866347",
  "n_features": 37,
  "feature_names": [
    "perplexity",
    "burstiness",
    "entropy_cv",
    "diveye_skew",
    "diveye_excess_kurt",
    "diveye_spectral_flatness",
    "diveye_autocorr_lag1",
    "gltr_top10_frac",
    "gltr_top100_frac",
    "sent_len_cv",
    "sent_len_short_frac",
    "sent_len_long_frac",
    "sent_len_equal_mid_frac",
    "punct_comma_density",
    "punct_density",
    "trans_density",
    "curv_mean",
    "bino_lp_diff",
    "uni_tri_ratio",
    "wiki_vs_human",
    "wiki_vs_primary",
    "news_vs_human",
    "word_ttr",
    "word_mattr",
    "hapax_ratio",
    "stopword_ratio",
    "para_len_cv",
    "para_len_range_ratio",
    "bigram_repeat_ratio",
    "token_ppl",
    "token_logprob_std",
    "token_logprob_skew",
    "token_top1_acc",
    "cross_sent_ppl",
    "perturb_sensitivity",
    "perturb_std",
    "local_curv_v2"
  ],
  "mean": [
    646.468359746314,
    0.17907537770467583,
    0.0,
    1.5827653247436608,
    1.233675617776584,
    0.5579319875653447,
    -0.09982205484718894,
    0.19277935393589174,
    0.03422410366888413,
    0.39472754183900693,
    0.04258209103308386,
    0.4688199839177667,
    0.21661445680833982,
    4.161789575149662,
    9.217751898685968,
    7.652976464724775,
    0.7001322126409668,
    0.0,
    2.4153015614665545,
    0.0,
    0.0,
    0.0,
    0.7395081847748277,
    0.6662217164491526,
    0.5957783233603463,
    0.23942602581396683,
    0.0,
    0.0,
    0.2824521043803987,
    0.0,
    0.0,
    0.0,
    0.0,
    0.0,
    0.0,
    0.0,
    0.0
  ],
  "scale": [
    162.69155459543043,
    0.0775407225434621,
    1.0,
    0.562091957272825,
    3.1630650911731495,
    0.05163938142219223,
    0.10199089277284465,
    0.06352960824544403,
    0.019088248811363128,
    0.223607329352403,
    0.09571829689401827,
    0.27747348004082417,
    0.18790295717036276,
    1.7832500171057664,
    2.6693594886238916,
    8.54371633592432,
    0.4917836672962838,
    1.0,
    1.2743148374540414,
    1.0,
    1.0,
    1.0,
    0.12042340360407644,
    0.3235361162170914,
    0.16063084389452192,
    0.07889047613354044,
    1.0,
    1.0,
    0.13389936388954202,
    1.0,
    1.0,
    1.0,
    1.0,
    1.0,
    1.0,
    1.0,
    1.0
  ],
  "n_train": 17452,
  "n_val": 3738,
  "train_metrics": {
    "auroc": 0.9964451790731438,
    "accuracy": 0.9711780884712354,
    "precision": 0.9680136596471258,
    "recall": 0.974558789823516,
    "f1": 0.9712751984466906
  },
  "val_metrics": {
    "auroc": 0.9671855949382236,
    "accuracy": 0.9012841091492777,
    "precision": 0.9098360655737705,
    "recall": 0.8908507223113965,
    "f1": 0.9002433090024331
  },
  "params": {
    "n_estimators": 300,
    "max_depth": 6,
    "learning_rate": 0.1,
    "subsample": 0.8,
    "seed": 42
  }
}