{
  "version": "3.4.0-dev",
  "features": [
    "perplexity",
    "burstiness",
    "entropy_cv",
    "diveye_skew",
    "diveye_excess_kurt",
    "diveye_spectral_flatness",
    "diveye_autocorr_lag1",
    "gltr_top10_frac",
    "gltr_top100_frac",
    "sent_len_cv",
    "sent_len_short_frac",
    "sent_len_long_frac",
    "sent_len_equal_mid_frac",
    "punct_comma_density",
    "punct_density",
    "trans_density",
    "curv_mean",
    "bino_lp_diff",
    "uni_tri_ratio",
    "wiki_vs_human",
    "wiki_vs_primary"
  ],
  "mean": [
    620.0627158216283,
    0.17525126862980064,
    0.015179354421265553,
    1.496441308748779,
    0.9010096334381087,
    0.5521871347678546,
    -0.0993457032515315,
    0.2019772834524274,
    0.036047702837440465,
    0.3698805887155524,
    0.04125253002100918,
    0.47669503228681753,
    0.20822071435319195,
    4.0271963457917,
    8.39159309196964,
    7.72376609547908,
    0.7473869403519137,
    -3.1029387096215078,
    2.3105713542721085,
    -2.4653850678784752,
    -0.6375536417430322
  ],
  "scale": [
    154.956587908772,
    0.08327765927774998,
    0.03601912460265238,
    0.5152891818315695,
    2.246701004535393,
    0.0536700481404073,
    0.10600660458642566,
    0.06075494174087748,
    0.020329905761618652,
    0.23434080297867016,
    0.09330025791077255,
    0.2860445622063328,
    0.18956249123085706,
    1.7313205065761115,
    2.170382655455376,
    9.10813341136918,
    0.46321821245290035,
    0.9234433736456201,
    0.9870686545928157,
    1.2091908692483893,
    0.7843948880138171
  ],
  "coef": [
    0.23171182883537533,
    0.2327963563576354,
    -0.05903622187686161,
    -0.47668856966541756,
    -1.1174527215861285,
    -0.12636542261320816,
    0.09895456255839379,
    -0.7194002433801622,
    -0.4555644264280503,
    -1.5629407210562962,
    0.07569953070017461,
    0.8344215978855543,
    1.018191929563827,
    -1.1853060845735708,
    0.3239939148991905,
    1.152200604034406,
    -0.08575276922093965,
    0.9675535537177667,
    0.5756510445381791,
    1.3784878463544727,
    -0.9859498209020234
  ],
  "intercept": -0.6253367394488772,
  "trained_on": "hc3_chinese_all.jsonl",
  "n_train": 480,
  "n_holdout": 120,
  "holdout_accuracy": 0.8583333333333333,
  "backend": "sklearn"
}