{
  "version": "3.4.0-dev",
  "features": [
    "perplexity",
    "burstiness",
    "entropy_cv",
    "diveye_skew",
    "diveye_excess_kurt",
    "diveye_spectral_flatness",
    "diveye_autocorr_lag1",
    "gltr_top10_frac",
    "gltr_top100_frac",
    "sent_len_cv",
    "sent_len_short_frac",
    "sent_len_long_frac",
    "sent_len_equal_mid_frac",
    "punct_comma_density",
    "punct_density",
    "trans_density",
    "curv_mean",
    "bino_lp_diff",
    "uni_tri_ratio",
    "wiki_vs_human",
    "wiki_vs_primary",
    "news_vs_human",
    "news_vs_wiki"
  ],
  "mean": [
    620.0627158216283,
    0.17525126862980064,
    0.015179354421265553,
    1.496441308748779,
    0.9010096334381087,
    0.5521871347678546,
    -0.0993457032515315,
    0.2019772834524274,
    0.036047702837440465,
    0.3698805887155524,
    0.04125253002100918,
    0.47669503228681753,
    0.20822071435319195,
    4.0271963457917,
    8.39159309196964,
    7.72376609547908,
    0.7473869403519137,
    -3.1029387096215078,
    2.3105713542721085,
    -2.3684125010943218,
    -0.7345262085271856,
    -2.496346580294993,
    -0.12793407920067118
  ],
  "scale": [
    154.956587908772,
    0.08327765927774998,
    0.03601912460265238,
    0.5152891818315695,
    2.246701004535393,
    0.0536700481404073,
    0.10600660458642566,
    0.06075494174087748,
    0.020329905761618652,
    0.23434080297867016,
    0.09330025791077255,
    0.2860445622063328,
    0.18956249123085706,
    1.7313205065761115,
    2.170382655455376,
    9.10813341136918,
    0.46321821245290035,
    0.9234433736456201,
    0.9870686545928157,
    1.231994535548186,
    0.8053093925478778,
    1.1830258653975347,
    1.1316752904841003
  ],
  "coef": [
    -0.02403076412730957,
    0.16592488012720683,
    -0.06242925425669537,
    -0.3406181284467181,
    -0.9020071822884428,
    -0.15371831376964923,
    0.1740896883000111,
    -0.6586413312741081,
    -0.4559586641394925,
    -1.498206824170062,
    -0.10979979261585274,
    0.87820438260191,
    0.9319560714176385,
    -1.3639047229261398,
    0.4933024466533412,
    0.8573164202870713,
    0.042935767638389154,
    0.2781174503010873,
    0.7843396546743618,
    1.1129339143350412,
    -1.383695253802684,
    1.2303937462817274,
    0.07463194283538949
  ],
  "intercept": -0.5650907028403168,
  "trained_on": "hc3_chinese_all.jsonl",
  "n_train": 480,
  "n_holdout": 120,
  "holdout_accuracy": 0.875,
  "backend": "sklearn"
}